{
"configs" : [
  {
"server" : "54.65.31.115",
"server_port" : 8868,
"password" : "ugen-shadow",
"method" : "aes-256-cfb",
"remarks" : "UGEN-ES2-JP"}
,
  {
"server" : "54.153.66.184",
"server_port" : 8868,
"password" : "ugen-shadow",
"method" : "aes-256-cfb",
"remarks" : "UGEN-ES2-US"}

],
"strategy" : null,
"index" : 0,
"global" : false,
"enabled" : true,
"shareOverLan" : false,
"isDefault" : false,
"localPort" : 1080,
"pacUrl" : null,
"useOnlinePac" : false,
"availabilityStatistics" : false}
